rs;kreis;sonst_mob_jan;pend_mob_jan;sonst_mob_feb;pend_mob_feb;sonst_mob_mär;pend_mob_mär;sonst_mob_apr;pend_mob_apr;sonst_mob_mai;pend_mob_mai;sonst_mob_jun;pend_mob_jun;sonst_mob_jul;pend_mob_jul;sonst_mob_aug;pend_mob_aug;sonst_mob_sep;pend_mob_sep;sonst_mob_okt;pend_mob_okt;sonst_mob_nov;pend_mob_nov;sonst_mob_dez;pend_mob_dez
1001;Flensburg, Stadt;11;3;21;9;-25;-16;-38;-42;-14;-34;-1;8;17;9;30;18;13;13;2;-3;-17;-8;-31;-20
1002;Kiel, Stadt;-1;-2;6;2;-26;-17;-40;-44;-19;-35;-20;-7;-6;-11;7;0;0;3;-6;-13;-13;-10;-32;-24
1003;Lübeck, Stadt;5;1;13;6;-23;-12;-35;-36;-12;-28;-8;3;-1;-5;13;5;4;6;-2;-9;-12;-7;-34;-23
1004;Neumünster, Stadt;2;0;12;6;-21;-10;-31;-33;-11;-28;-10;1;-5;-8;7;2;-5;2;-8;-8;-3;2;-22;-14
1051;Dithmarschen;-9;-8;-3;-4;-20;-7;-32;-31;2;-19;9;27;23;19;47;38;34;39;28;20;9;16;-15;-5
1053;Herzogtum Lauenburg;-5;-6;0;-2;-22;-11;-29;-32;-9;-26;-9;6;1;-4;21;9;13;16;7;-2;5;8;-13;-6
1054;Nordfriesland;-8;-12;1;-7;-22;-12;-49;-38;6;-18;50;52;71;50;96;73;81;66;64;39;-8;8;-34;-18
1055;Ostholstein;-2;-3;5;3;-18;-5;-37;-31;4;-14;24;43;34;26;57;43;46;43;35;17;0;4;-24;-14
1056;Pinneberg;-1;-3;7;3;-22;-12;-31;-34;-12;-27;-12;0;-8;-13;6;-2;1;4;-5;-10;-4;0;-22;-13
1057;Plön;-5;-6;4;2;-23;-11;-32;-32;-2;-22;8;27;22;17;49;35;27;31;17;8;5;10;-19;-8
1058;Rendsburg-Eckernförde;5;-3;9;4;-13;-4;-25;-27;2;-18;5;22;13;9;36;25;21;26;11;5;4;9;-15;-4
1059;Schleswig-Flensburg;3;2;14;9;-19;-5;-34;-29;-7;-19;3;28;14;15;43;36;34;41;21;12;9;17;-9;3
1060;Segeberg;-5;-4;4;2;-25;-13;-33;-33;-15;-27;-11;3;-7;-10;4;0;1;7;-2;-7;-4;1;-19;-11
1061;Steinburg;-13;-8;-5;-3;-24;-10;-30;-32;-11;-26;-10;4;-5;-9;12;7;12;16;6;1;7;11;-13;-6
1062;Stormarn;1;-2;9;4;-19;-10;-26;-31;-8;-24;-8;2;-4;-10;10;3;6;9;-1;-7;0;2;-16;-8
2000;Hamburg;0;-3;8;2;-32;-24;-44;-49;-26;-40;-22;-15;-15;-23;-2;-11;-7;-6;-13;-21;-19;-17;-31;-25
3101;Braunschweig, Stadt;4;3;14;6;-26;-16;-40;-44;-20;-36;-16;-8;-3;-10;-5;-18;-6;-4;-11;-19;-14;-12;-33;-26
3102;Salzgitter, Stadt;-1;-1;8;3;-17;-10;-31;-35;-17;-30;-15;-1;-1;-6;-2;-11;1;4;-3;-10;-4;-2;-19;-12
3103;Wolfsburg, Stadt;-4;-3;9;3;-29;-20;-49;-54;-27;-44;-21;-19;-3;-13;-13;-30;-7;-13;-11;-25;-14;-20;-36;-34
3151;Gifhorn;-3;-3;5;2;-24;-14;-34;-38;-16;-31;-16;-3;0;-3;2;-11;9;9;2;-7;3;3;-15;-11
3153;Goslar;0;-1;9;5;-14;-8;-31;-35;-7;-26;-5;8;17;6;23;7;28;26;26;9;6;6;-20;-11
3154;Helmstedt;2;2;12;8;-15;-4;-28;-29;-11;-23;-10;7;4;4;4;-1;7;14;3;-4;2;6;-14;-7
3155;Northeim;2;-1;12;2;-11;-9;-22;-30;-8;-26;-5;2;3;-5;6;-10;8;8;-1;-7;-3;2;-13;-9
3157;Peine;-1;0;7;5;-18;-8;-29;-30;-17;-26;-13;1;-1;-2;1;-8;2;4;-2;-9;1;3;-16;-10
3158;Wolfenbüttel;2;-1;6;1;-22;-14;-30;-35;-16;-30;-13;-1;-2;-5;-5;-11;-3;3;-5;-13;-5;-2;-21;-16
3159;Göttingen;1;1;9;5;-22;-13;-32;-37;-14;-30;-17;-6;-1;-6;4;-10;3;6;0;-10;-5;-2;-22;-14
3241;Region Hannover;-3;-4;4;0;-27;-17;-39;-43;-22;-35;-19;-8;-7;-14;-7;-16;-5;-4;-10;-18;-11;-9;-27;-20
3251;Diepholz;-6;-6;3;-1;-22;-10;-28;-29;-10;-22;-10;7;0;-1;1;-6;8;12;-1;-3;2;8;-15;-4
3252;Hameln-Pyrmont;-9;-2;-1;0;-26;-12;-36;-35;-23;-30;-18;-1;-4;-5;2;-6;6;10;1;-5;-1;1;-18;-14
3254;Hildesheim;0;0;6;2;-21;-12;-31;-35;-18;-32;-18;-5;-6;-9;-3;-13;0;4;-6;-13;-6;-3;-22;-16
3255;Holzminden;8;-2;14;3;-10;0;-25;-28;-4;-21;1;27;21;15;26;21;43;49;58;41;42;42;23;37
3256;Nienburg (Weser);-14;-9;-2;-6;-24;-11;-30;-30;-15;-26;-19;0;-11;-7;-6;-9;-2;10;-5;-5;-4;5;-13;-7
3257;Schaumburg;-7;-7;-3;-4;-25;-14;-33;-34;-18;-30;-17;-1;-4;-4;-1;-9;2;9;-3;-6;-3;2;-17;-8
3351;Celle;1;-2;8;0;-18;-9;-30;-31;-14;-25;-9;9;4;5;6;2;8;17;-1;-1;-4;7;-20;-8
3352;Cuxhaven;-2;0;5;1;-17;-5;-30;-27;-1;-18;2;18;9;6;28;10;30;26;26;9;10;12;-10;-3
3353;Harburg;0;0;6;3;-20;-11;-29;-31;-11;-25;-10;4;0;-4;4;-5;4;10;-3;-7;-2;3;-19;-10
3354;Lüchow-Dannenberg;2;6;13;9;-4;7;-17;-14;8;-15;-24;26;33;30;34;20;34;39;30;20;15;18;1;11
3355;Lüneburg;-3;-4;4;-1;-23;-13;-34;-33;-16;-26;-14;3;-3;-4;4;-5;3;14;-6;-7;-11;0;-26;-13
3356;Osterholz;-7;-5;-1;-2;-20;-9;-28;-31;-12;-27;-13;1;-1;-5;8;-3;11;14;2;-7;0;3;-12;-5
3357;Rotenburg (Wümme);-2;-1;5;2;-22;-8;-28;-28;-14;-25;-17;7;5;6;11;2;10;15;1;-2;-3;4;-19;-8
3358;Heidekreis;-4;-3;9;4;-17;-6;-35;-35;-11;-26;-5;11;18;11;27;17;24;26;22;7;10;11;-9;-3
3359;Stade;-8;-7;0;-4;-21;-10;-29;-29;-9;-22;-6;11;4;3;6;-2;11;18;7;2;-1;7;-20;-9
3360;Uelzen;-1;-4;5;-1;-22;-10;-33;-32;-15;-27;-12;5;3;6;11;4;17;24;10;4;1;8;-16;-6
3361;Verden;-12;-8;-5;-4;-28;-14;-34;-32;-18;-27;-19;-1;-7;-7;-3;-9;-3;2;-9;-11;-10;-4;-24;-15
3401;Delmenhorst, Stadt;7;4;13;6;-17;-6;-29;-29;-13;-24;-19;1;-9;-5;-4;-8;-6;6;-16;-13;-15;-6;-27;-14
3402;Emden, Stadt;12;8;12;5;-14;-8;-25;-30;5;-19;8;20;29;22;48;30;42;39;35;20;8;8;-16;-9
3403;Oldenburg (Oldenburg), Stadt;-2;-3;12;4;-27;-14;-42;-43;-19;-34;-16;-5;-8;-12;-2;-13;-1;4;-10;-14;-17;-10;-29;-18
3404;Osnabrück, Stadt;-6;-7;1;-5;-34;-22;-45;-46;-26;-39;-22;-10;-13;-14;-10;-20;-6;-1;-10;-14;-20;-12;-35;-24
3405;Wilhelmshaven, Stadt;1;-1;8;2;-19;-7;-37;-35;-17;-32;-11;7;2;-1;14;1;10;15;2;-4;-3;0;-25;-17
3451;Ammerland;-5;-2;1;0;-22;-8;-33;-31;-15;-24;-13;7;-2;-2;11;2;13;16;4;-2;5;7;-13;-6
3452;Aurich;-7;-3;-2;-2;-22;-8;-34;-30;-4;-19;4;24;21;21;40;29;42;46;25;16;6;9;-18;-9
3453;Cloppenburg;-7;-3;0;-2;-20;-7;-28;-27;-9;-22;-9;12;6;8;22;15;22;31;10;9;11;17;0;9
3454;Emsland;-6;-4;6;-1;-18;-8;-31;-34;-11;-26;-3;9;15;5;27;6;33;23;19;4;17;12;-3;1
3455;Friesland;3;4;7;5;-15;-2;-28;-27;0;-18;8;28;22;20;44;30;32;35;19;12;0;8;-20;-9
3456;Grafschaft Bentheim;14;1;22;6;-12;-5;-31;-34;-14;-28;-12;6;3;-1;9;0;16;18;1;-6;1;5;-20;-9
3457;Leer;-14;-9;-6;-6;-29;-14;-36;-35;-15;-27;-9;8;8;6;19;7;18;22;6;3;4;7;-16;-4
3458;Oldenburg;-5;-3;4;2;-19;-5;-26;-26;-9;-20;-12;9;-2;-1;0;-2;5;12;-3;-5;-1;6;-18;-7
3459;Osnabrück;-1;0;4;3;-20;-7;-27;-27;-13;-22;-11;7;-4;-4;-1;-5;3;13;-3;-3;-4;4;-20;-8
3460;Vechta;-18;-11;-11;-7;-31;-14;-36;-32;-15;-24;-13;6;-5;-2;-6;-7;4;11;-6;-6;-2;5;-17;-8
3461;Wesermarsch;8;5;15;8;-4;2;-15;-24;9;-15;12;23;23;12;31;11;28;24;15;3;8;8;-14;-9
3462;Wittmund;-12;-14;-9;-15;-26;-16;-40;-39;-11;-28;5;22;14;14;44;26;46;43;34;21;7;14;-15;-8
4011;Bremen, Stadt;-1;-3;8;2;-25;-15;-40;-41;-22;-34;-20;-9;-8;-13;-6;-16;-5;-3;-15;-19;-16;-11;-28;-20
4012;Bremerhaven, Stadt;0;0;7;4;-21;-9;-34;-33;-17;-27;-13;2;-1;-5;6;-8;3;7;2;-5;-7;2;-22;-13
5111;Düsseldorf, Stadt;-1;-4;2;-5;-35;-22;-44;-49;-24;-39;-22;-14;-15;-27;-6;-14;-6;-7;-13;-25;-24;-20;-38;-28
5112;Duisburg, Stadt;3;-1;7;-1;-21;-12;-31;-36;-12;-28;-15;-3;-8;-16;8;4;3;6;-5;-14;-14;-9;-25;-17
5113;Essen, Stadt;3;-1;5;-2;-27;-15;-37;-40;-16;-32;-17;-5;-12;-19;5;1;-2;2;-9;-17;-20;-11;-32;-22
5114;Krefeld, Stadt;3;0;4;-3;-22;-10;-30;-33;-13;-27;-13;-1;-9;-16;6;5;0;6;-6;-13;-15;-7;-27;-17
5116;Mönchengladbach, Stadt;6;2;8;-1;-22;-10;-30;-32;-11;-26;-11;1;-6;-13;8;6;4;8;-2;-11;-14;-5;-25;-16
5117;Mülheim an der Ruhr, Stadt;1;-1;5;-1;-25;-15;-31;-35;-14;-29;-13;-1;-11;-16;9;6;1;6;-5;-12;-15;-7;-29;-19
5119;Oberhausen, Stadt;6;3;9;2;-26;-13;-36;-36;-17;-27;-15;0;-10;-13;6;4;1;7;-7;-12;-18;-7;-34;-24
5120;Remscheid, Stadt;-5;-6;-2;-10;-26;-19;-31;-37;-15;-32;-15;-5;-9;-18;3;-1;-1;2;-14;-19;-19;-12;-30;-22
5122;Solingen, Stadt;6;3;7;-1;-20;-11;-28;-32;-11;-26;-15;-3;-13;-19;1;-3;-4;1;-7;-14;-12;-5;-26;-15
5124;Wuppertal, Stadt;-3;-4;-1;-6;-25;-16;-35;-38;-20;-33;-19;-9;-15;-21;-3;-8;-3;0;-8;-17;-13;-8;-26;-18
5154;Kleve;10;5;13;4;-17;-4;-30;-31;-12;-24;-10;7;-2;-6;12;13;10;17;-3;-9;-6;4;-22;-9
5158;Mettmann;-5;-8;-1;-7;-25;-16;-32;-35;-16;-30;-16;-4;-14;-19;-2;-9;-1;0;-6;-15;-9;-6;-21;-15
5162;Rhein-Kreis Neuss;5;-2;6;-3;-20;-12;-29;-33;-14;-26;-14;-1;-10;-16;1;-5;0;2;-6;-13;-11;-5;-24;-15
5166;Viersen;3;-1;5;-2;-20;-7;-25;-27;-11;-22;-10;5;-4;-10;9;5;4;9;-6;-10;-12;-1;-25;-11
5170;Wesel;7;2;9;1;-17;-7;-23;-27;-7;-21;-7;8;-3;-8;11;7;7;11;-1;-8;-8;-2;-21;-13
5314;Bonn, Stadt;-1;-5;2;-8;-30;-18;-41;-46;-22;-40;-19;-12;-12;-25;-4;-9;-5;-3;-10;-22;-22;-17;-33;-30
5315;Köln, Stadt;5;0;9;-3;-31;-18;-42;-45;-19;-37;-18;-9;-12;-22;2;-7;-4;-3;-13;-24;-25;-19;-34;-29
5316;Leverkusen, Stadt;4;1;7;0;-24;-14;-32;-37;-13;-31;-12;-3;-7;-18;2;-1;1;2;-7;-15;-15;-10;-28;-20
5334;Städteregion Aachen;1;-1;3;-3;-23;-10;-37;-34;-20;-27;-15;-1;-12;-15;9;6;2;6;-11;-15;-17;-7;-29;-17
5358;Düren;-1;1;4;-1;-19;-6;-24;-26;-8;-23;-10;4;-5;-12;10;9;6;8;0;-9;-5;1;-21;-13
5362;Rhein-Erft-Kreis;4;-1;9;-2;-18;-8;-27;-32;-11;-26;-12;0;-8;-15;2;-4;-1;3;-7;-14;-12;-5;-24;-16
5366;Euskirchen;-6;-6;-1;-7;-19;-8;-26;-29;-9;-24;-9;5;0;-9;11;8;5;11;1;-7;-7;1;-20;-11
5370;Heinsberg;7;2;7;-3;-21;-14;-19;-23;-5;-19;-9;5;0;-7;14;10;16;18;8;0;3;10;-12;-3
5374;Oberbergischer Kreis;5;4;10;1;-11;-3;-24;-31;-10;-27;-9;1;0;-10;13;8;11;10;7;-6;-1;2;-13;-8
5378;Rheinisch-Bergischer Kreis;6;2;9;0;-18;-9;-25;-30;-11;-25;-11;2;-8;-14;5;0;2;6;-2;-11;-7;-3;-22;-15
5382;Rhein-Sieg-Kreis;1;-2;5;-4;-19;-9;-26;-32;-11;-27;-11;0;-6;-13;6;0;2;5;-2;-12;-9;-4;-22;-14
5512;Bottrop, Stadt;11;6;11;3;-19;-8;-29;-31;-11;-25;-16;1;-8;-13;8;6;4;11;-3;-9;-11;0;-25;-13
5513;Gelsenkirchen, Stadt;0;0;4;-1;-28;-11;-36;-35;-16;-27;-18;0;-11;-13;4;7;-3;5;-11;-13;-17;-4;-28;-15
5515;Münster, Stadt;5;2;8;0;-30;-18;-39;-43;-21;-36;-21;-12;-14;-22;-7;-8;-8;-3;-11;-20;-23;-15;-34;-27
5554;Borken;7;3;10;3;-17;-8;-24;-29;-11;-23;-5;7;-1;-7;9;8;7;11;-4;-8;-8;1;-23;-12
5558;Coesfeld;1;-1;6;0;-22;-11;-23;-30;-11;-26;-10;3;-4;-12;9;6;6;8;1;-7;-6;2;-21;-13
5562;Recklinghausen;6;4;9;4;-20;-8;-28;-29;-9;-23;-13;4;-5;-11;7;6;2;8;-5;-10;-12;-1;-25;-14
5566;Steinfurt;-1;-2;3;-1;-23;-11;-30;-33;-13;-25;-11;3;-6;-11;9;7;2;8;-3;-9;-7;0;-21;-12
5570;Warendorf;7;2;11;2;-16;-7;-21;-29;-6;-23;-9;3;-3;-12;9;4;7;9;0;-8;-2;3;-15;-9
5711;Bielefeld, Stadt;8;2;14;5;-21;-14;-34;-40;-16;-33;-18;-11;-12;-22;-3;-6;-4;0;-9;-18;-16;-11;-30;-22
5754;Gütersloh;7;2;13;6;-13;-6;-22;-29;-8;-23;-14;-1;-9;-14;3;-1;1;8;-5;-10;-8;-1;-21;-11
5758;Herford;-7;-6;0;-1;-24;-12;-32;-33;-18;-29;-17;-4;-17;-19;-2;-4;-3;2;-6;-13;-11;-4;-24;-15
5762;Höxter;-5;-6;2;-4;-14;-2;-21;-26;-3;-21;-2;15;3;-1;25;22;25;30;17;9;18;19;4;11
5766;Lippe;1;-4;7;0;-16;-11;-29;-34;-14;-30;-13;-3;-11;-18;2;-2;0;1;-4;-14;-8;-5;-26;-18
5770;Minden-Lübbecke;1;-1;7;4;-19;-8;-29;-30;-15;-25;-13;1;-12;-14;0;-1;-4;3;-6;-12;-8;-2;-25;-14
5774;Paderborn;10;6;15;8;-19;-8;-31;-32;-14;-25;-14;2;-8;-12;2;4;2;9;-2;-8;-9;0;-24;-12
5911;Bochum, Stadt;1;-1;5;0;-29;-18;-37;-42;-17;-33;-18;-7;-13;-19;2;0;-1;3;-9;-19;-19;-13;-33;-24
5913;Dortmund, Stadt;3;1;8;1;-26;-16;-35;-39;-15;-31;-17;-7;-9;-18;4;0;-2;1;-7;-18;-15;-10;-30;-21
5914;Hagen, Stadt;6;2;10;2;-21;-12;-25;-31;-7;-24;-10;2;-3;-12;9;5;5;8;-2;-11;-9;-4;-20;-14
5915;Hamm, Stadt;11;7;17;7;-19;-10;-26;-30;-8;-23;-14;0;-6;-13;4;2;0;5;-6;-12;-10;-3;-22;-14
5916;Herne, Stadt;1;0;6;1;-24;-12;-30;-30;-10;-23;-11;5;-6;-11;-6;1;3;10;-5;-11;-15;-4;-28;-16
5954;Ennepe-Ruhr-Kreis;1;-2;3;-2;-20;-13;-26;-31;-13;-26;-14;-1;-8;-15;3;-3;2;5;-3;-11;-5;-2;-19;-13
5958;Hochsauerlandkreis;7;8;15;12;-10;1;-30;-32;-9;-23;-4;14;13;5;39;35;31;35;22;13;8;12;-5;2
5962;Märkischer Kreis;9;3;11;2;-12;-7;-23;-30;-10;-25;-11;-1;-5;-12;7;2;4;7;-1;-9;-2;2;-16;-9
5966;Olpe;3;1;5;1;-12;-4;-27;-32;-12;-25;-15;0;4;-8;16;10;21;21;16;3;13;15;-3;0
5970;Siegen-Wittgenstein;9;8;16;8;-15;-6;-31;-35;-14;-28;-14;0;-4;-11;9;8;7;11;4;-6;-4;2;-17;-9
5974;Soest;10;7;16;7;-11;-5;-19;-26;-4;-21;-6;6;1;-9;14;9;12;13;4;-6;1;5;-14;-8
5978;Unna;4;1;9;2;-20;-10;-25;-30;-11;-24;-13;2;-9;-12;4;0;1;6;-6;-11;-7;-1;-20;-12
6411;Darmstadt, Stadt;-5;-8;7;-2;-34;-23;-45;-49;-25;-42;-24;-17;-17;-26;-9;-19;-8;-5;-14;-28;-24;-23;-37;-30
6412;Frankfurt am Main, Stadt;-2;-4;7;-1;-36;-25;-49;-52;-25;-42;-24;-17;-12;-25;-12;-19;-8;-8;-15;-26;-27;-23;-40;-32
6413;Offenbach am Main, Stadt;3;1;12;2;-26;-12;-32;-32;-12;-27;-15;0;0;-9;0;-7;-1;6;-6;-14;-16;-6;-30;-15
6414;Wiesbaden, Stadt;-1;-3;12;2;-24;-12;-31;-36;-12;-30;-16;-5;-10;-17;-5;-12;-5;0;-7;-18;-15;-12;-28;-19
6431;Bergstraße;-2;-6;9;0;-25;-12;-29;-32;-12;-25;-14;1;-6;-11;-1;-5;4;10;0;-9;-7;-1;-24;-12
6432;Darmstadt-Dieburg;-3;-4;8;2;-24;-10;-29;-30;-9;-24;-13;1;-7;-12;-2;-7;2;9;-3;-12;-10;-3;-22;-10
6433;Groß-Gerau;-3;-6;8;0;-23;-13;-30;-32;-13;-27;-15;-1;-6;-15;-1;-8;3;5;-4;-14;-9;-5;-21;-10
6434;Hochtaunuskreis;-9;-11;1;-4;-24;-16;-32;-38;-14;-31;-16;-6;-8;-17;-1;-9;5;6;-2;-15;-5;-4;-19;-12
6435;Main-Kinzig-Kreis;-3;-6;7;-1;-24;-13;-34;-34;-13;-26;-17;-3;-9;-13;-1;-5;3;9;-4;-10;-11;-1;-27;-13
6436;Main-Taunus-Kreis;-6;-9;6;-2;-26;-17;-33;-40;-14;-32;-16;-7;-12;-22;-6;-14;-5;-3;-11;-21;-18;-13;-29;-20
6437;Odenwaldkreis;-2;-4;9;-2;-16;-4;-27;-31;-15;-31;-18;-3;-12;-12;4;-5;6;10;3;-5;2;8;-16;0
6438;Offenbach;-5;-8;7;-2;-25;-14;-34;-36;-16;-30;-17;-5;-11;-19;-5;-12;-2;1;-7;-16;-12;-7;-25;-14
6439;Rheingau-Taunus-Kreis;1;-4;10;-1;-18;-8;-26;-30;-10;-27;-14;-2;-5;-13;3;-5;4;7;-3;-13;-11;-6;-25;-16
6440;Wetteraukreis;-5;-5;7;3;-18;-9;-24;-30;-10;-26;-13;-1;-7;-13;0;-6;4;9;-2;-11;-5;0;-18;-8
6531;Gießen;-1;-4;10;4;-23;-10;-31;-32;-14;-24;-13;4;-9;-10;-2;-2;1;11;-10;-12;-15;-6;-29;-13
6532;Lahn-Dill-Kreis;-2;-5;7;-1;-21;-12;-30;-33;-11;-24;-10;4;-8;-11;-1;-5;0;8;-8;-11;-16;-7;-26;-15
6533;Limburg-Weilburg;-7;-7;1;-5;-23;-11;-30;-32;-9;-24;-12;2;-5;-10;9;0;16;16;8;-6;-3;1;-19;-8
6534;Marburg-Biedenkopf;-14;-13;-3;-5;-27;-14;-36;-32;-20;-24;-14;7;-7;-3;2;5;6;22;-5;2;-6;13;-16;4
6535;Vogelsbergkreis;-8;-10;1;-6;-19;-11;-23;-26;0;-18;-4;14;6;4;23;15;34;39;31;17;24;31;1;15
6611;Kassel, Stadt;-5;-7;8;1;-28;-19;-40;-42;-19;-34;-20;-9;-11;-18;-5;-11;0;5;-7;-16;-18;-10;-33;-21
6631;Fulda;-6;-11;2;-8;-24;-15;-33;-36;-15;-28;-14;2;-8;-7;2;2;5;19;-1;-2;-6;8;-24;-5
6632;Hersfeld-Rotenburg;-3;-5;9;2;-18;-7;-23;-25;-4;-20;-16;3;-1;-2;16;8;23;27;11;4;9;12;-7;3
6633;Kassel;-8;-11;3;-2;-19;-10;-25;-29;-3;-19;0;15;9;4;14;8;22;28;16;6;13;18;4;15
6634;Schwalm-Eder-Kreis;-18;-16;-8;-10;-24;-16;-22;-29;2;-19;14;25;26;19;44;31;47;51;38;24;34;38;14;26
6635;Waldeck-Frankenberg;-20;-15;-11;-9;-30;-18;-43;-42;-14;-28;1;18;23;16;32;21;45;45;37;20;29;31;8;19
6636;Werra-Meißner-Kreis;-9;-7;0;-1;-21;-8;-30;-31;-12;-25;-12;6;5;4;35;31;35;40;26;14;24;30;12;22
7111;Koblenz, Stadt;1;-4;8;-6;-27;-14;-39;-42;-13;-31;-13;-4;-6;-15;0;-8;0;4;-5;-16;-20;-13;-35;-24
7131;Ahrweiler;2;-2;4;-7;-16;-3;-25;-28;-6;-24;-10;7;-3;-9;4;-1;11;17;8;-5;0;4;-13;-2
7132;Altenkirchen (Westerwald);-1;0;7;0;-11;-1;-14;-23;-5;-23;-7;2;7;-2;17;7;28;27;22;7;24;23;11;13
7133;Bad Kreuznach;8;-1;15;-2;-10;-4;-24;-27;-5;-21;-6;9;3;-1;4;4;13;20;4;-2;-7;8;-21;-2
7134;Birkenfeld;-5;-5;2;-7;-24;-10;-32;-36;-13;-28;-7;6;-1;-3;10;5;11;15;6;-6;-1;5;-13;-6
7135;Cochem-Zell;-11;-12;-6;-14;-19;-5;-39;-32;-7;-23;19;39;66;42;105;72;126;100;109;63;12;17;-7;1
7137;Mayen-Koblenz;0;-2;5;-5;-15;-2;-19;-24;0;-19;-3;10;1;-7;13;3;18;22;13;2;5;10;-11;-2
7138;Neuwied;6;-2;10;-4;-12;-3;-20;-25;2;-17;6;15;7;-4;13;2;5;13;-5;-8;-10;3;-27;-14
7140;Rhein-Hunsrück-Kreis;-6;-7;-3;-12;-20;-7;-25;-29;-5;-24;-6;9;1;-6;9;1;10;15;3;-8;-10;-1;-24;-14
7141;Rhein-Lahn-Kreis;-6;-9;-2;-12;-21;-9;-17;-23;7;-15;1;20;13;4;17;8;21;26;11;2;1;9;-16;-4
7143;Westerwaldkreis;-1;-2;0;-5;-18;-6;-23;-27;-6;-21;-7;9;-2;-3;7;4;12;20;7;1;1;9;-12;-2
7211;Trier, Stadt;-2;-5;4;-9;-30;-15;-40;-42;-19;-34;-18;-5;-5;-10;2;-6;1;7;-8;-15;-21;-9;-36;-21
7231;Bernkastel-Wittlich;3;-6;7;-10;-18;-3;-28;-28;9;-14;18;36;43;28;55;42;58;56;37;21;4;17;-11;5
7232;Eifelkreis Bitburg-Prüm;-8;-12;3;-14;-30;-17;-32;-36;3;-20;17;29;25;13;19;15;34;37;16;0;2;9;-8;-2
7233;Vulkaneifel;14;-5;10;-9;-9;-6;-20;-32;18;-17;11;26;33;23;36;31;44;49;23;12;3;15;-6;4
7235;Trier-Saarburg;-1;-5;3;-7;-19;-8;-23;-30;0;-19;8;21;23;12;26;15;35;35;18;5;7;15;-6;2
7311;Frankenthal (Pfalz), Stadt;1;-4;12;-2;-26;-15;-31;-34;-11;-28;-16;1;-4;-10;2;-7;1;8;2;-10;-9;-1;-26;-14
7312;Kaiserslautern, Stadt;-2;-5;8;-3;-31;-19;-41;-43;-23;-37;-21;-9;-13;-17;-9;-13;-7;1;-13;-18;-24;-12;-34;-22
7313;Landau in der Pfalz, Stadt;7;-3;14;-4;-25;-16;-36;-42;-11;-33;-10;-4;-5;-13;0;-10;10;3;2;-18;-12;-10;-28;-23
7314;Ludwigshafen am Rhein, Stadt;4;-2;10;-2;-25;-14;-30;-34;-11;-28;-15;-4;-6;-15;-1;-11;-1;4;-3;-15;-13;-8;-27;-18
7315;Mainz, Stadt;-1;-4;11;-4;-32;-17;-42;-45;-23;-37;-23;-14;-16;-23;-8;-16;-9;-3;-16;-24;-24;-16;-37;-26
7316;Neustadt an der Weinstraße, Stadt;0;-3;6;-3;-26;-10;-28;-29;-7;-22;-12;6;-6;-9;-1;-5;4;12;-5;-11;-18;-5;-29;-15
7317;Pirmasens, Stadt;-2;-4;-4;-12;-30;-16;-28;-32;-10;-25;-10;3;-6;-10;2;-4;0;7;-5;-13;-10;1;-24;-13
7318;Speyer, Stadt;2;-2;8;0;-26;-13;-34;-36;-11;-26;-13;0;-6;-11;1;-7;2;9;-6;-11;-15;-4;-36;-24
7319;Worms, Stadt;2;-1;9;0;-26;-13;-29;-31;-9;-25;-15;0;-6;-11;-5;-7;-3;4;-6;-14;-15;-7;-29;-17
7320;Zweibrücken, Stadt;0;-2;4;-4;-28;-14;-39;-42;-13;-29;-16;-1;-14;-11;-6;-11;3;11;-3;-10;-11;3;-29;-12
7331;Alzey-Worms;-3;-3;7;-3;-20;-4;-26;-28;-9;-23;-17;2;-5;-9;2;-4;2;12;-1;-8;-5;5;-20;-6
7332;Bad Dürkheim;-1;-5;6;-4;-26;-12;-31;-29;-10;-23;-17;3;-6;-11;-4;-6;-2;9;2;-7;-11;3;-26;-10
7333;Donnersbergkreis;-7;-6;-6;-9;-22;-13;-30;-36;-15;-30;-16;-2;-5;-10;5;-1;7;13;1;-9;-3;3;-14;-8
7334;Germersheim;9;3;18;6;-18;-4;-25;-29;-2;-21;-11;7;4;-5;4;-5;6;13;1;-9;-5;-1;-17;-6
7335;Kaiserslautern;0;-2;6;-4;-22;-10;-31;-34;-12;-27;-16;-1;-8;-10;3;-4;2;10;-2;-10;-4;4;-15;-4
7336;Kusel;1;-3;2;-8;-17;-8;-24;-30;-9;-22;-5;9;0;-3;12;5;12;18;9;-2;6;10;-8;0
7337;Südliche Weinstraße;4;-1;5;-3;-20;-7;-27;-29;-8;-22;-13;6;-1;-6;7;1;9;14;5;-5;-3;5;-14;-3
7338;Rhein-Pfalz-Kreis;4;1;13;3;-19;-3;-22;-20;-4;-18;-13;8;3;-3;8;1;6;16;1;-8;-8;3;-24;-9
7339;Mainz-Bingen;-1;-5;6;-4;-22;-9;-29;-33;-12;-27;-15;0;-4;-10;3;-3;9;13;-1;-11;-7;-1;-20;-9
7340;Südwestpfalz;2;-2;5;-4;-21;-8;-24;-28;0;-17;-2;14;6;1;12;6;15;20;5;-4;-2;7;-14;-6
8111;Stuttgart, Stadt;2;-7;12;-2;-32;-22;-45;-52;-25;-43;-24;-20;-11;-24;-14;-26;-11;-14;-17;-27;-25;-24;-41;-29
8115;Böblingen;8;-2;16;2;-21;-14;-32;-41;-13;-32;-15;-9;-4;-15;-5;-17;0;-4;-2;-16;-10;-11;-26;-15
8116;Esslingen;6;-2;15;2;-19;-11;-29;-36;-13;-31;-17;-8;-6;-15;-7;-17;-3;-4;-6;-16;-12;-10;-25;-13
8117;Göppingen;7;0;14;2;-18;-4;-23;-28;-7;-25;-16;-2;-4;-11;-8;-13;-4;0;-6;-13;-14;-6;-29;-11
8118;Ludwigsburg;7;-1;15;4;-20;-8;-28;-34;-10;-29;-13;-5;-2;-12;-5;-14;0;0;-3;-14;-10;-7;-27;-11
8119;Rems-Murr-Kreis;8;-1;15;3;-16;-6;-22;-30;-6;-25;-13;0;0;-8;-1;-9;4;5;1;-9;-7;-3;-24;-9
8121;Heilbronn, Stadt;0;-7;9;-4;-28;-16;-38;-44;-17;-35;-19;-11;-7;-16;-12;-18;-9;-4;-8;-17;-16;-11;-34;-18
8125;Heilbronn;6;-1;14;4;-17;-4;-27;-32;-10;-26;-15;-2;-3;-11;-3;-12;1;3;0;-11;-8;-4;-24;-8
8126;Hohenlohekreis;7;-1;17;4;-12;-6;-20;-31;-1;-25;-2;7;10;-2;8;-4;4;5;4;-9;-6;-4;-23;-10
8127;Schwäbisch Hall;14;5;23;9;-11;-1;-22;-28;-9;-25;-15;1;-5;-10;4;-5;2;5;-1;-10;-4;2;-20;-5
8128;Main-Tauber-Kreis;-11;-15;-6;-15;-26;-14;-35;-41;-18;-36;-13;-6;-3;-11;11;-2;14;13;17;4;10;15;-2;9
8135;Heidenheim;2;-4;8;-1;-19;-8;-27;-34;-11;-29;-15;-2;-1;-8;-1;-7;6;6;2;-8;-2;-3;-17;-6
8136;Ostalbkreis;5;-1;12;1;-17;-6;-27;-34;-12;-28;-12;-2;-3;-11;-1;-8;3;4;0;-10;-8;-2;-22;-8
8211;Baden-Baden, Stadt;11;3;13;4;-23;-7;-37;-36;-15;-30;-4;6;14;0;17;4;14;14;9;-5;-7;0;-31;-13
8212;Karlsruhe, Stadt;5;-3;13;2;-29;-14;-38;-43;-20;-36;-22;-13;-9;-17;-8;-17;-6;-5;-8;-20;-21;-18;-37;-22
8215;Karlsruhe;4;-2;11;0;-21;-6;-28;-32;-11;-27;-14;-1;-1;-9;3;-7;5;6;2;-8;-8;-2;-21;-7
8216;Rastatt;6;3;12;5;-19;-3;-29;-30;-8;-23;-5;8;5;-3;14;4;10;11;4;-7;-4;-2;-17;-5
8221;Heidelberg, Stadt;6;-3;10;-2;-33;-20;-46;-49;-27;-42;-27;-17;-14;-23;-11;-21;-13;-9;-14;-23;-28;-21;-41;-30
8222;Mannheim, Stadt;2;-5;10;-1;-31;-18;-40;-41;-18;-34;-16;-5;-7;-16;-2;-11;-4;-3;-8;-18;-19;-13;-39;-23
8225;Neckar-Odenwald-Kreis;-10;-14;-3;-13;-25;-9;-31;-34;-14;-31;-13;1;-7;-12;-3;-8;4;7;10;-2;2;8;-14;0
8226;Rhein-Neckar-Kreis;2;-5;9;-1;-24;-12;-29;-33;-14;-28;-20;-3;-9;-14;-5;-11;-3;1;-4;-12;-13;-6;-29;-13
8231;Pforzheim, Stadt;4;-4;12;-1;-22;-8;-28;-34;-7;-28;-10;1;3;-7;4;-6;6;7;0;-10;-10;-4;-27;-11
8235;Calw;9;4;13;3;-16;-2;-24;-29;-5;-24;-8;7;10;0;4;-1;14;14;10;-2;2;6;-15;-2
8236;Enzkreis;1;-3;10;1;-16;-2;-20;-26;-5;-22;-11;4;1;-5;2;-5;3;7;2;-8;-6;-1;-18;-2
8237;Freudenstadt;20;8;25;7;-4;6;-13;-22;7;-18;0;13;12;0;10;2;12;13;7;-3;-5;0;-17;-7
8311;Freiburg im Breisgau, Stadt;7;-1;15;1;-27;-11;-37;-40;-16;-33;-16;-5;0;-9;-1;-5;-1;3;-6;-13;-20;-11;-35;-17
8315;Breisgau-Hochschwarzwald;8;0;11;0;-20;-4;-26;-28;-5;-22;-7;11;21;8;24;17;19;23;10;1;-6;3;-24;-3
8316;Emmendingen;9;0;16;1;-17;-2;-21;-27;-4;-23;-7;9;10;3;12;7;11;16;5;-2;-5;4;-22;-1
8317;Ortenaukreis;12;1;17;2;-15;-3;-25;-31;-8;-25;-6;9;8;1;14;6;9;13;2;-5;-10;0;-22;-6
8325;Rottweil;20;8;27;6;0;14;-10;-20;6;-18;-1;7;5;-4;4;-4;9;11;1;-5;-5;2;-19;-2
8326;Schwarzwald-Baar-Kreis;26;5;28;-1;-4;-1;-14;-29;5;-25;0;3;8;-2;3;0;10;14;5;-1;-4;3;-19;-4
8327;Tuttlingen;8;2;15;4;-15;1;-22;-31;-3;-24;-7;1;9;-4;3;-11;15;12;12;-3;4;2;-10;-1
8335;Konstanz;10;1;19;5;-15;2;-29;-28;-6;-21;-6;10;16;2;20;12;19;19;3;-3;-11;-1;-23;-8
8336;Lörrach;1;-7;12;-2;-24;-13;-33;-37;-15;-32;-11;1;2;-6;9;2;10;12;6;-4;-8;-1;-22;-7
8337;Waldshut;-12;-14;-2;-12;-29;-13;-42;-39;-26;-37;-11;6;14;7;25;24;25;35;26;19;3;18;-3;21
8415;Reutlingen;2;-4;9;-2;-21;-11;-28;-36;-11;-30;-12;-3;-2;-13;-5;-13;0;0;-4;-13;-9;-7;-21;-11
8416;Tübingen;14;-1;21;2;-12;-6;-25;-34;-10;-29;-13;-3;-2;-10;-1;-9;-1;-1;-6;-15;-11;-8;-23;-12
8417;Zollernalbkreis;13;3;16;7;-13;4;-20;-25;-5;-20;-5;12;9;4;1;-4;12;12;9;-1;1;7;-10;5
8421;Ulm, Stadt;-2;-8;5;-6;-30;-17;-44;-46;-21;-37;-25;-14;-17;-20;-14;-17;-12;-7;-14;-20;-23;-14;-37;-21
8425;Alb-Donau-Kreis;2;-6;9;-3;-21;-7;-24;-29;-4;-23;-11;3;4;-2;8;2;15;16;11;-1;5;9;-6;7
8426;Biberach;25;8;28;8;-5;4;-11;-23;9;-16;2;12;8;1;22;8;32;26;16;2;4;7;-5;6
8435;Bodenseekreis;4;-5;10;-1;-20;-7;-30;-35;-5;-26;-4;10;15;4;23;16;23;23;11;0;-7;-3;-20;-8
8436;Ravensburg;5;-1;13;1;-19;-3;-25;-29;-7;-23;-8;6;3;-2;6;2;7;10;1;-6;-5;0;-18;-6
8437;Sigmaringen;4;-7;3;-8;-21;-6;-28;-33;-16;-31;-20;-4;-3;-6;3;2;8;12;7;-1;-2;8;-2;19
9161;Ingolstadt, Stadt;5;-4;11;-2;-35;-23;-48;-49;-17;-35;-18;-8;-5;-14;-8;-13;-2;-1;-6;-15;-17;-16;-31;-22
9162;München, Stadt;2;-6;10;-2;-37;-24;-51;-54;-29;-43;-29;-20;-13;-23;-13;-19;-11;-10;-14;-22;-23;-24;-37;-29
9163;Rosenheim, Stadt;9;2;16;1;-29;-14;-48;-49;-24;-39;-22;-10;-8;-17;-10;-12;-14;-7;-15;-19;-25;-24;-35;-27
9171;Altötting;19;6;21;5;-19;0;-28;-21;2;-9;-1;24;9;10;14;20;12;26;13;10;-6;6;-14;7
9172;Berchtesgadener Land;-10;-15;1;-9;-41;-21;-56;-49;-36;-38;-17;7;12;11;25;36;25;42;-11;-6;-20;-10;-25;0
9173;Bad Tölz-Wolfratshausen;11;5;8;-1;-28;-10;-33;-33;-9;-26;-16;2;12;-1;9;9;8;11;2;-4;-2;-5;-19;-10
9174;Dachau;7;-2;16;1;-25;-8;-32;-34;-11;-26;-19;-6;-4;-12;-8;-10;-2;2;-6;-10;-14;-9;-25;-11
9175;Ebersberg;9;-1;16;1;-29;-12;-37;-37;-10;-24;-16;-2;-2;-8;-4;-5;2;5;0;-5;-7;-5;-23;-9
9176;Eichstätt;4;-2;9;-2;-24;-7;-36;-35;-9;-24;-15;1;-1;-8;1;0;6;11;0;-6;-7;-3;-18;-7
9177;Erding;3;-3;10;-2;-33;-17;-46;-44;-12;-35;-19;-2;-15;-16;-15;-15;0;9;-15;-16;-14;-17;-36;-23
9178;Freising;6;-2;15;2;-27;-12;-39;-39;-18;-28;-21;-6;-7;-13;-8;-10;-1;3;-4;-9;-12;-7;-25;-13
9179;Fürstenfeldbruck;7;-1;15;2;-25;-8;-34;-34;-12;-26;-19;-3;-4;-9;-5;-6;-1;4;-4;-9;-11;-6;-24;-9
9180;Garmisch-Partenkirchen;8;8;23;10;-28;-6;-47;-42;-8;-29;2;21;46;28;48;58;47;48;27;18;2;-5;-28;-15
9181;Landsberg am Lech;6;-2;9;-3;-26;-9;-32;-33;-6;-24;-11;6;4;-2;8;9;11;15;5;0;-4;-1;-23;-7
9182;Miesbach;8;2;9;-2;-31;-10;-41;-36;-9;-25;-11;12;19;5;12;20;14;20;5;1;3;-6;-19;-8
9183;Mühldorf am Inn;-2;-7;7;-4;-29;-11;-38;-35;-13;-24;-17;2;-4;-7;-6;-1;-5;5;-8;-8;-15;-6;-18;-5
9184;München;5;-5;13;0;-28;-18;-36;-44;-16;-36;-20;-13;-5;-17;-7;-15;0;-4;-2;-14;-10;-15;-24;-17
9185;Neuburg-Schrobenhausen;5;-3;14;0;-16;-3;-24;-25;4;-15;-5;11;9;3;8;6;11;15;3;-3;-3;1;-10;-2
9186;Pfaffenhofen an der Ilm;8;0;15;2;-23;-8;-33;-32;-12;-23;-16;0;-2;-6;-9;-7;-1;5;-5;-8;-12;-3;-21;-7
9187;Rosenheim;0;-4;8;-3;-27;-9;-37;-36;-10;-25;-12;7;11;3;9;10;9;17;-1;-5;-10;-6;-23;-7
9188;Starnberg;18;4;16;2;-20;-7;-27;-33;-3;-24;-13;2;13;-2;7;5;11;10;2;-5;-1;-5;-17;-10
9189;Traunstein;5;-2;11;-1;-30;-12;-44;-41;-17;-28;-11;9;17;9;21;26;18;26;3;2;-12;-10;-25;-11
9190;Weilheim-Schongau;11;1;15;1;-25;-6;-27;-27;2;-18;-10;12;14;5;16;20;19;25;9;4;2;3;-13;-1
9261;Landshut, Stadt;45;27;35;15;-25;-7;-42;-39;-12;-26;-18;-1;-12;-16;-8;-8;-6;1;-7;-10;-19;-12;-33;-22
9262;Passau, Stadt;-9;-14;4;-7;-35;-16;-58;-51;-30;-33;-17;-3;3;-4;23;22;16;24;7;2;-16;-4;-32;-17
9263;Straubing, Stadt;2;-4;10;-3;-26;-10;-39;-37;-11;-25;-6;6;0;-8;-5;-6;12;10;5;-4;-4;-5;-15;-11
9271;Deggendorf;2;-4;10;-3;-26;-9;-37;-31;-8;-18;-5;17;18;14;25;28;19;28;10;7;1;9;-12;0
9272;Freyung-Grafenau;8;1;5;1;-28;-13;-55;-48;-22;-27;-2;12;24;18;27;31;27;34;2;-2;-14;-3;-31;-11
9273;Kelheim;-1;-7;9;-3;-24;-3;-40;-33;-13;-26;-15;4;3;-4;0;1;5;15;0;-1;-8;2;-18;-2
9274;Landshut;0;-8;5;-8;-30;-13;-37;-32;-10;-17;-9;13;6;5;12;15;14;30;10;10;4;16;-4;16
9275;Passau;10;4;17;7;-24;-3;-43;-35;-16;-21;-12;10;2;2;15;20;17;27;4;3;-11;2;-17;-3
9276;Regen;18;12;24;23;-31;-1;-63;-46;-36;-36;1;25;31;25;56;61;39;51;13;13;-8;3;-43;-16
9277;Rottal-Inn;-2;-8;3;-6;-34;-13;-52;-44;-23;-29;-18;4;2;0;12;12;8;18;-4;-2;-17;0;-17;4
9278;Straubing-Bogen;-4;-7;5;-5;-24;-5;-35;-29;-12;-19;-12;10;6;2;10;17;6;15;2;-2;-6;3;-17;-2
9279;Dingolfing-Landau;2;-1;15;4;-13;1;-35;-28;-6;-15;-6;14;6;1;17;12;11;17;5;-1;2;5;-5;6
9361;Amberg, Stadt;7;-5;17;-3;-18;-11;-36;-40;-11;-32;-20;-6;-13;-14;0;-1;3;6;-1;-9;-9;-9;-21;-17
9362;Regensburg, Stadt;1;-7;10;-4;-32;-20;-50;-49;-27;-39;-25;-15;-14;-21;-12;-14;-12;-6;-14;-19;-25;-21;-37;-26
9363;Weiden in der Oberpfalz, Stadt;7;-5;14;-4;-27;-17;-43;-46;-22;-36;-15;-2;0;-5;4;4;2;10;-18;-11;-24;-11;-32;-14
9371;Amberg-Sulzbach;-8;-7;2;-3;-25;-6;-39;-33;-17;-24;-21;1;-9;-8;-4;0;0;9;2;-2;-1;7;-5;5
9372;Cham;-3;-7;12;3;-27;-8;-47;-39;-20;-26;-8;13;9;4;22;26;16;23;6;2;-6;2;-20;-5
9373;Neumarkt in der Oberpfalz;10;1;19;2;-17;-5;-32;-33;-13;-27;-14;1;2;-7;3;1;8;8;11;-5;-5;-4;-22;-13
9374;Neustadt an der Waldnaab;-5;-5;12;6;-25;-4;-47;-42;-27;-32;-23;-4;-7;-6;-3;1;-4;9;-8;-8;-8;2;-19;-3
9375;Regensburg;0;-5;11;0;-25;-9;-32;-31;-8;-20;-12;5;3;-2;9;9;9;16;5;1;-1;5;-11;2
9376;Schwandorf;-2;-6;8;0;-22;-7;-37;-34;-13;-23;-13;7;4;-2;9;9;9;16;4;-1;-4;2;-13;0
9377;Tirschenreuth;-1;-2;15;10;-24;-8;-33;-34;-9;-23;-9;8;7;3;16;15;21;29;11;7;11;17;-4;9
9461;Bamberg, Stadt;6;-1;16;1;-27;-12;-47;-44;-22;-35;-21;-8;-8;-15;-7;-6;-2;6;-10;-11;-24;-16;-36;-23
9462;Bayreuth, Stadt;12;3;27;10;-22;-8;-39;-41;-10;-31;-11;-3;0;-9;7;2;7;9;-2;-9;-8;-9;-21;-13
9463;Coburg, Stadt;18;2;27;4;-11;-7;-34;-42;-9;-32;-8;-3;3;-10;1;-6;11;7;0;-12;-12;-17;-34;-32
9464;Hof, Stadt;11;0;19;3;-23;-12;-38;-39;-10;-28;-15;-1;-3;-8;2;-2;4;8;-1;-3;-10;-7;-27;-17
9471;Bamberg;3;0;9;-1;-25;-6;-35;-33;-10;-20;-17;3;-2;-4;3;8;6;17;3;1;-5;4;-16;-1
9472;Bayreuth;-2;-4;9;2;-24;-8;-36;-32;-10;-21;-17;6;1;-3;2;3;4;13;-4;-6;-7;1;-14;-2
9473;Coburg;7;-1;11;0;-20;-6;-34;-34;-9;-24;-14;3;-3;-7;-1;-4;1;5;1;-9;-9;-6;-24;-13
9474;Forchheim;8;1;15;2;-21;-9;-36;-36;-7;-24;-11;5;3;-5;1;0;8;11;5;-6;-4;-5;-22;-14
9475;Hof;-7;-10;4;-4;-24;-9;-39;-36;-18;-28;-21;-2;-5;-6;0;-3;4;15;-1;-1;-9;1;-18;0
9476;Kronach;15;-1;19;0;-17;-6;-36;-35;-12;-24;-12;3;-1;-6;-2;3;0;11;3;2;-5;4;-15;2
9477;Kulmbach;14;8;24;12;-12;4;-32;-31;-12;-25;-17;1;-6;-9;3;0;5;9;3;-5;-6;-3;-19;-9
9478;Lichtenfels;12;2;16;3;-19;-3;-33;-33;-7;-22;-7;7;5;-1;14;10;12;17;4;-2;-8;-1;-20;-7
9479;Wunsiedel im Fichtelgebirge;-1;-5;10;1;-24;-10;-46;-40;-15;-27;-11;5;2;-4;3;0;4;13;-6;-9;-13;-5;-26;-12
9561;Ansbach, Stadt;0;-6;8;-7;-27;-15;-45;-45;-17;-33;-13;2;-3;-6;2;4;-12;8;-15;-10;-19;-13;-29;-21
9562;Erlangen, Stadt;0;-6;9;-2;-34;-24;-49;-52;-24;-42;-28;-20;-12;-25;-7;-20;-3;-8;-11;-23;-21;-24;-34;-30
9563;Fürth, Stadt;1;-6;10;-2;-30;-15;-41;-41;-14;-28;-18;-5;-9;-15;-5;-12;-4;1;-7;-14;-16;-11;-31;-18
9564;Nürnberg, Stadt;2;-5;11;-1;-32;-18;-45;-46;-21;-36;-20;-10;-10;-18;-8;-15;-5;-4;-9;-17;-20;-19;-33;-25
9565;Schwabach, Stadt;1;-5;11;-1;-26;-10;-40;-37;-12;-27;-6;1;-3;-13;5;-1;6;9;9;-1;-1;-3;-11;-11
9571;Ansbach;10;5;16;5;-20;-4;-33;-30;-8;-21;-11;11;4;1;4;6;10;19;6;2;-5;3;-20;-2
9572;Erlangen-Höchstadt;1;-5;9;-1;-26;-12;-38;-39;-11;-26;-16;-1;-6;-13;-6;-11;-4;0;-4;-12;-15;-12;-28;-18
9573;Fürth;-1;-5;7;-2;-26;-10;-35;-33;-10;-24;-14;2;-2;-8;0;-7;4;8;2;-7;-9;-5;-22;-8
9574;Nürnberger Land;1;-4;8;-1;-25;-10;-36;-35;-10;-25;-15;2;-2;-8;3;-1;4;10;2;-4;-6;-3;-21;-10
9575;Neustadt an der Aisch-Bad Windsheim;6;4;10;3;-27;-6;-36;-32;-14;-24;-17;5;5;-3;4;3;2;13;-1;-4;-14;-4;-25;-9
9576;Roth;7;1;16;5;-20;-4;-34;-30;-9;-21;-13;7;3;-2;6;5;8;14;4;-2;-6;1;-19;-5
9577;Weißenburg-Gunzenhausen;11;7;26;13;-13;4;-29;-26;2;-17;10;32;50;28;55;44;52;49;25;15;14;16;-2;8
9661;Aschaffenburg, Stadt;-3;-8;7;-5;-36;-19;-46;-44;-14;-30;-16;-3;-1;-10;2;3;9;14;5;-2;-9;-1;-30;-15
9662;Schweinfurt, Stadt;-3;-7;8;-6;-30;-15;-42;-42;-11;-30;-14;-2;-3;-13;0;-2;1;8;-5;-7;-11;-10;-29;-19
9663;Würzburg, Stadt;-7;-12;4;-9;-39;-22;-52;-48;-24;-37;-24;-9;-10;-17;-6;-7;-8;1;-9;-11;-19;-13;-39;-24
9671;Aschaffenburg;-7;-9;-1;-7;-29;-12;-39;-34;-16;-26;-17;0;-5;-9;4;2;8;13;5;-3;-6;1;-24;-10
9672;Bad Kissingen;-13;-13;-10;-15;-36;-15;-51;-43;-24;-31;-20;4;1;-1;23;19;30;35;27;18;12;18;-6;8
9673;Rhön-Grabfeld;-9;-11;-3;-14;-33;-14;-47;-42;-19;-32;-10;8;9;0;28;25;32;40;28;22;12;16;-6;6
9674;Haßberge;-7;-9;1;-8;-27;-10;-39;-37;-14;-27;-20;0;-4;-6;22;21;26;32;19;14;12;15;-6;5
9675;Kitzingen;-2;-8;5;-5;-21;-6;-32;-30;-2;-19;-6;17;12;3;20;15;25;28;23;12;7;9;-16;-5
9676;Miltenberg;-8;-10;-2;-9;-33;-14;-45;-39;-20;-30;-22;-3;-3;-9;2;-3;8;14;6;-1;3;9;-12;2
9677;Main-Spessart;-7;-11;-3;-12;-31;-14;-44;-41;-17;-31;-16;0;-4;-10;-1;1;11;17;6;1;0;4;-16;-5
9678;Schweinfurt;-7;-7;2;-4;-25;-6;-19;-19;9;-8;6;26;24;18;46;38;47;50;33;23;28;31;10;21
9679;Würzburg;-9;-11;-2;-9;-28;-10;-37;-35;-13;-26;-4;11;8;-1;12;4;13;14;17;4;12;12;-2;10
9761;Augsburg, Stadt;7;-3;11;-2;-30;-14;-44;-43;-17;-32;-21;-8;-6;-14;-7;-6;-2;2;-10;-14;-21;-15;-33;-19
9762;Kaufbeuren, Stadt;61;7;67;9;1;1;-36;-34;-9;-24;6;14;22;5;39;24;25;19;18;3;-13;-11;-13;-10
9763;Kempten (Allgäu), Stadt;10;0;22;0;-20;-7;-33;-39;-10;-32;-13;2;8;2;12;15;9;20;3;2;-12;-7;-26;-14
9764;Memmingen, Stadt;7;0;13;0;-22;-8;-35;-35;-11;-24;-14;0;-6;-9;-2;-2;-2;4;-15;-11;-17;-8;-25;-13
9771;Aichach-Friedberg;8;-1;13;-1;-25;-7;-34;-32;-11;-24;-17;0;-6;-11;1;-1;6;10;1;-4;-7;-1;-20;-6
9772;Augsburg;3;-3;11;0;-21;-5;-30;-28;-8;-21;-15;4;-2;-6;-2;-1;3;8;0;-4;-7;-2;-17;-3
9773;Dillingen an der Donau;-7;-11;3;-9;-24;-11;-32;-34;-8;-23;-18;1;1;-7;3;1;6;11;1;-3;-5;1;-12;0
9774;Günzburg;5;-3;12;-2;-21;-5;-33;-31;-7;-21;-11;8;3;-2;6;6;11;15;6;1;-2;7;-15;2
9775;Neu-Ulm;8;-4;14;-1;-25;-12;-39;-39;-13;-26;-17;0;-6;-10;-2;-4;0;5;-2;-9;-13;-6;-26;-11
9776;Lindau (Bodensee);0;-4;4;-2;-34;-12;-51;-40;-22;-32;-12;11;29;11;33;26;33;27;10;-2;-12;-8;-26;-15
9777;Ostallgäu;8;-4;11;-2;-35;-11;-54;-43;-25;-34;-16;3;9;-1;18;19;20;24;2;-3;-10;-7;-32;-14
9778;Unterallgäu;5;-5;11;-1;-26;-7;-32;-29;-11;-21;-18;7;1;-3;-1;3;4;15;1;-2;-5;3;-13;4
9779;Donau-Ries;4;1;16;6;-18;0;-30;-30;-7;-21;-19;3;-1;-4;0;1;8;16;0;-2;-2;3;-15;-2
9780;Oberallgäu;25;14;32;19;-15;6;-35;-31;1;-18;6;29;39;22;44;49;33;39;18;11;-5;-6;-30;-16
10041;Saarbrücken, Stadtverband;7;2;8;-3;-26;-13;-39;-40;-16;-29;-16;-3;-8;-12;0;-2;2;7;-6;-14;-13;-6;-26;-16
10042;Merzig-Wadern;-2;-4;6;-5;-20;-8;-30;-32;-5;-17;-3;15;5;4;17;20;16;27;8;1;5;12;-10;0
10043;Neunkirchen;6;-1;11;-5;-17;-7;-30;-33;-9;-23;-10;4;-7;-9;4;3;8;14;1;-5;-2;7;-14;-3
10044;Saarlouis;5;3;7;-2;-20;-6;-31;-33;-8;-22;-9;5;-5;-8;3;1;3;11;1;-5;-3;5;-20;-9
10045;Saarpfalz-Kreis;-1;-3;2;-6;-22;-13;-31;-35;-10;-26;-11;-1;-10;-13;2;-3;3;5;-1;-11;-1;-1;-15;-11
10046;St. Wendel;-1;-3;-2;-9;-25;-11;-35;-35;-12;-24;-12;4;-3;-5;8;6;8;15;-7;-10;-8;1;-20;-10
11000;Berlin, Stadt;2;0;8;3;-28;-19;-42;-45;-26;-39;-19;-8;-12;-19;-3;-12;-7;-4;-13;-23;-19;-16;-35;-26
12051;Brandenburg an der Havel, Stadt;42;36;57;44;26;28;9;-2;34;8;34;53;41;31;46;35;22;33;8;7;2;12;-18;-4
12052;Cottbus, Stadt;-8;-9;4;-1;-20;-10;-28;-30;-5;-23;-5;12;5;-1;18;8;16;19;7;-1;1;4;-20;-11
12053;Frankfurt (Oder), Stadt;-23;-20;-3;-7;-28;-15;-41;-38;-12;-19;0;21;22;22;74;70;63;74;29;23;33;41;3;21
12054;Potsdam, Stadt;5;2;7;2;-23;-15;-40;-44;-24;-38;-18;-6;-12;-19;0;-8;-3;-1;-11;-21;-15;-12;-35;-27
12060;Barnim;-1;2;5;5;-10;-2;-17;-22;0;-18;0;22;14;8;32;20;38;31;34;10;34;22;11;9
12061;Dahme-Spreewald;-10;-9;-3;-7;-27;-15;-34;-34;-14;-28;-10;10;7;0;30;18;21;23;12;0;9;8;-10;-4
12062;Elbe-Elster;-4;-5;0;-4;-19;-8;-17;-17;15;-4;17;39;27;26;58;40;66;57;57;38;46;46;20;26
12063;Havelland;1;0;7;3;-16;-6;-24;-26;-4;-18;2;21;9;2;21;13;17;21;9;2;8;12;-12;-1
12064;Märkisch-Oderland;0;0;5;2;-12;-7;-19;-24;-2;-18;-2;19;7;1;23;13;20;24;15;3;14;15;-4;3
12065;Oberhavel;-4;-6;3;-2;-18;-10;-21;-27;-3;-21;3;19;10;2;21;12;17;21;10;0;7;9;-10;-3
12066;Oberspreewald-Lausitz;-16;-10;-8;-5;-24;-11;-30;-22;8;-4;16;41;26;23;55;42;57;50;43;25;25;26;5;10
12067;Oder-Spree;-14;-7;-8;-5;-17;-7;-18;-24;5;-17;10;27;24;13;42;27;45;40;39;17;35;28;16;14
12068;Ostprignitz-Ruppin;-15;-11;4;-2;-7;-6;-17;-20;14;-10;30;52;53;43;73;58;62;60;43;33;26;31;14;15
12069;Potsdam-Mittelmark;0;-1;7;3;-16;-7;-23;-26;-6;-21;0;16;7;-1;22;12;17;18;6;-4;8;8;-10;-4
12070;Prignitz;-4;-4;11;4;-4;5;-13;-14;23;-5;31;52;84;69;86;69;76;76;62;51;36;44;14;26
12071;Spree-Neiße;-12;-6;0;0;-15;0;-27;-25;2;-9;8;32;19;15;48;38;49;49;37;16;23;21;2;6
12072;Teltow-Fläming;-11;-9;-3;-2;-15;-3;-16;-20;2;-15;6;24;14;6;30;19;24;25;15;2;14;12;-1;3
12073;Uckermark;-20;-15;-7;-5;-19;-4;-39;-31;-5;-13;16;51;46;48;89;78;98;84;70;36;40;30;26;20
13003;Rostock, Stadt;3;0;7;1;-21;-10;-33;-35;-7;-24;-3;12;11;3;31;25;16;18;10;0;-7;-4;-28;-18
13004;Schwerin, Stadt;4;0;7;-1;-15;-9;-29;-34;-6;-24;-2;10;10;3;23;17;16;20;11;6;-1;3;-25;-15
13071;Mecklenburgische Seenplatte;-13;-11;-8;-6;-21;-5;-28;-22;12;-5;43;73;79;72;125;103;114;106;83;59;32;38;2;13
13072;Rostock;0;-1;9;5;-8;1;-20;-22;13;-11;27;49;55;47;79;67;61;63;50;36;18;21;-6;5
13073;Vorpommern-Rügen;1;-3;9;3;-14;0;-36;-29;8;-11;60;92;94;96;138;136;106;121;82;68;7;18;-16;-3
13074;Nordwestmecklenburg;-5;-2;1;3;-15;2;-32;-28;-3;-17;7;28;20;17;39;35;27;34;18;12;4;12;-16;-5
13075;Vorpommern-Greifswald;0;-1;8;7;-13;6;-37;-31;0;-13;35;61;64;60;105;99;91;95;60;44;12;24;-10;9
13076;Ludwigslust-Parchim;-14;-8;-6;-3;-12;1;-15;-15;16;-6;28;47;58;48;81;63;72;66;56;36;36;37;15;19
14511;Chemnitz, Stadt;5;1;10;3;-23;-13;-34;-36;-12;-27;-15;-1;-2;-7;-7;-14;-3;1;-3;-9;-9;-4;-33;-25
14521;Erzgebirgskreis;-1;-2;3;-1;-20;-9;-33;-31;-10;-22;-13;6;3;0;1;-5;11;17;9;2;3;10;-25;-12
14522;Mittelsachsen;1;-1;9;2;-11;-5;-21;-26;0;-18;-8;9;4;-3;2;-6;7;12;9;0;3;7;-18;-11
14523;Vogtlandkreis;-3;-6;4;-3;-14;-8;-27;-30;-4;-19;-8;8;11;2;9;3;18;20;15;7;11;11;-15;-10
14524;Zwickau;4;0;10;2;-16;-8;-27;-31;-11;-23;-11;4;-1;-4;-4;-9;3;9;3;-3;-2;4;-24;-16
14612;Dresden, Stadt;-2;-6;6;-1;-25;-16;-39;-43;-19;-33;-16;-4;0;-8;-8;-16;0;2;-1;-11;-13;-10;-37;-29
14625;Bautzen;7;-2;15;3;-12;-5;-24;-26;3;-13;6;22;24;15;22;11;27;32;25;17;10;16;-11;-2
14626;Görlitz;10;6;13;5;-21;-9;-45;-40;-14;-22;-6;16;15;12;27;19;35;42;22;17;13;27;-15;5
14627;Meißen;-2;-6;3;-1;-18;-8;-23;-25;0;-16;-3;14;13;6;8;0;16;22;16;5;7;10;-18;-8
14628;Sächsische Schweiz-Osterzgebirge;-8;-9;0;-3;-21;-9;-36;-35;-10;-25;-10;9;13;7;16;8;22;25;20;6;2;5;-23;-13
14713;Leipzig, Stadt;-3;-4;6;0;-28;-18;-40;-41;-21;-33;-18;-6;-5;-11;-9;-17;-5;-2;-6;-14;-13;-10;-34;-27
14729;Leipzig;-4;-5;3;-1;-17;-9;-24;-27;-8;-22;-13;5;3;-2;3;-5;7;11;4;-4;3;5;-18;-12
14730;Nordsachsen;-3;-3;3;0;-18;-7;-24;-26;-9;-20;-13;6;-3;-4;7;1;12;14;8;-1;6;8;-15;-8
15001;Dessau-Roßlau, Stadt;0;-3;7;3;-17;-5;-26;-26;-10;-24;-5;12;-1;-1;0;-8;-2;2;-3;-10;-4;0;-24;-15
15002;Halle (Saale), Stadt;-2;-6;5;1;-21;-12;-28;-33;-17;-32;-15;-2;-4;-7;-7;-15;-4;1;-6;-13;-7;-3;-25;-18
15003;Magdeburg, Stadt;4;-2;10;4;-18;-8;-29;-31;-14;-29;-15;1;-5;-7;-5;-13;-3;3;-4;-9;-8;-3;-27;-16
15081;Altmarkkreis Salzwedel;5;-1;17;8;-5;3;-17;-22;3;-15;14;32;26;19;31;16;33;33;18;11;7;15;0;9
15082;Anhalt-Bitterfeld;7;-1;13;5;-5;0;-15;-20;-5;-21;-3;13;6;2;6;-3;8;9;-3;-9;-3;2;-16;-8
15083;Börde;3;0;12;6;-5;2;-12;-16;1;-16;0;17;11;6;17;5;19;18;16;3;14;12;-2;0
15084;Burgenlandkreis;6;-2;12;4;-5;-1;-14;-20;-1;-21;-2;14;11;4;10;0;17;16;14;0;13;10;-9;-8
15085;Harz;13;2;18;10;-4;1;-27;-27;-1;-21;5;23;28;17;37;19;36;32;33;13;10;13;-15;-4
15086;Jerichower Land;5;-3;11;3;-4;0;-13;-18;1;-17;2;19;9;4;18;7;16;20;11;4;7;15;-6;4
15087;Mansfeld-Südharz;-1;-7;3;-2;-12;-5;-20;-23;-6;-22;-2;15;6;5;7;0;7;18;10;1;3;8;-10;-2
15088;Saalekreis;3;-1;10;5;-11;-3;-16;-20;0;-18;-6;12;4;1;3;-3;9;13;4;-2;5;11;-14;-4
15089;Salzlandkreis;-2;-4;4;3;-9;0;-16;-20;-5;-19;-4;14;8;6;8;0;10;16;10;0;9;9;-4;-1
15090;Stendal;1;-2;10;5;-9;0;-16;-17;6;-12;11;28;24;17;32;17;28;35;26;12;18;22;-1;8
15091;Wittenberg;1;-2;8;3;-11;-3;-21;-22;-7;-19;-1;18;0;5;8;6;14;19;10;4;10;15;-12;-3
16051;Erfurt, Stadt;0;-2;4;-2;-26;-16;-32;-36;-14;-31;-19;-5;-5;-12;-9;-18;-6;-2;-9;-16;-12;-8;-32;-22
16052;Gera, Stadt;-2;-5;4;-4;-17;-9;-26;-32;-9;-26;-7;7;7;1;6;-4;1;8;-9;-12;-9;-1;-28;-17
16053;Jena, Stadt;2;-2;1;-3;-30;-22;-40;-46;-23;-39;-22;-13;-9;-16;-16;-24;-12;-7;-11;-18;-13;-10;-35;-29
16054;Suhl, Stadt;6;1;19;13;4;7;-9;-17;8;-6;1;20;20;17;26;13;28;32;39;25;30;41;-9;3
16055;Weimar, Stadt;6;2;11;3;-10;-7;-17;-25;-3;-22;-10;4;4;-1;-8;-17;-1;3;-5;-10;-7;-1;-23;-17
16056;Eisenach, Stadt;7;0;11;1;-15;-8;-31;-35;-14;-30;-4;0;4;-5;5;-6;12;9;10;-3;0;2;-23;-19
16061;Eichsfeld;-4;-4;2;-3;-14;-4;-21;-26;-6;-20;-4;14;4;3;7;3;18;23;11;5;12;16;-10;-2
16062;Nordhausen;12;-1;19;4;1;1;-10;-22;11;-14;25;33;46;23;65;29;60;41;71;25;39;31;8;11
16063;Wartburgkreis;-4;-5;3;-1;-15;-5;-21;-24;-6;-20;-7;7;7;0;10;0;20;20;15;5;11;14;-13;-4
16064;Unstrut-Hainich-Kreis;11;0;15;7;0;-1;-13;-17;6;-12;5;25;12;7;11;5;25;24;14;3;7;12;-11;-3
16065;Kyffhäuserkreis;-8;-8;-6;-9;-19;-9;-29;-26;-9;-23;-10;10;6;3;23;7;32;32;38;17;29;25;10;10
16066;Schmalkalden-Meiningen;-4;-4;2;1;-18;-7;-28;-30;-8;-21;-8;11;15;8;22;8;34;32;32;17;27;25;3;4
16067;Gotha;-4;-3;-1;-2;-17;-8;-22;-27;-6;-19;-4;11;5;1;6;-2;16;18;11;0;9;8;-10;-9
16068;Sömmerda;-1;-3;2;-2;-14;-7;-22;-26;-8;-21;-11;12;3;4;7;-2;7;14;5;-6;8;7;-14;-8
16069;Hildburghausen;1;4;2;8;-17;-2;-25;-22;-1;-14;-6;13;8;7;12;2;21;20;20;6;9;9;-12;-7
16070;Ilm-Kreis;-5;-6;4;0;-6;-4;-10;-23;4;-18;2;11;14;1;0;-4;15;18;9;5;3;13;-13;-1
16071;Weimarer Land;3;1;8;3;-6;1;-10;-16;1;-16;-8;10;3;-1;1;-7;4;8;2;-6;1;4;-18;-10
16072;Sonneberg;-13;-9;-3;-2;-20;-7;-33;-31;-20;-27;-19;1;-7;-5;-7;-6;6;14;8;0;-1;-1;-18;-14
16073;Saalfeld-Rudolstadt;-2;-3;-1;-3;-17;-8;-21;-24;-5;-20;-6;11;11;8;6;-1;9;14;6;-3;0;4;-22;-12
16074;Saale-Holzland-Kreis;-1;-3;1;-2;-19;-9;-23;-28;-5;-24;-12;4;4;-2;-2;-10;3;8;2;-6;2;7;-16;-7
16075;Saale-Orla-Kreis;3;-3;8;-1;-12;0;-19;-18;0;-17;-8;13;12;5;24;12;25;24;16;3;16;14;-9;-4
16076;Greiz;3;3;7;3;-12;-1;-20;-20;-2;-16;-8;13;5;4;13;6;10;19;8;3;5;13;-16;-5
16077;Altenburger Land;6;4;9;6;-10;0;-18;-21;-2;-19;-9;7;2;-1;1;-5;6;12;2;-6;1;4;-20;-13
